-- phpMyAdmin SQL Dump
-- version 5.1.0
-- https://www.phpmyadmin.net/
--
-- Host: 127.0.0.1
-- Generation Time: May 25, 2022 at 11:50 AM
-- Server version: 10.4.18-MariaDB
-- PHP Version: 8.0.3

SET SQL_MODE = "NO_AUTO_VALUE_ON_ZERO";
START TRANSACTION;
SET time_zone = "+00:00";


/*!40101 SET @OLD_CHARACTER_SET_CLIENT=@@CHARACTER_SET_CLIENT */;
/*!40101 SET @OLD_CHARACTER_SET_RESULTS=@@CHARACTER_SET_RESULTS */;
/*!40101 SET @OLD_COLLATION_CONNECTION=@@COLLATION_CONNECTION */;
/*!40101 SET NAMES utf8mb4 */;

--
-- Database: `nti_ecommerce`
--

-- --------------------------------------------------------

--
-- Table structure for table `addresses`
--

CREATE TABLE `addresses` (
  `id` bigint(20) UNSIGNED NOT NULL,
  `street` varchar(32) NOT NULL,
  `building` int(11) NOT NULL,
  `flat` int(11) NOT NULL,
  `flot` int(11) NOT NULL,
  `note` text NOT NULL,
  `user_id` bigint(20) UNSIGNED NOT NULL,
  `region_id` bigint(20) UNSIGNED NOT NULL,
  `created_at` timestamp NOT NULL DEFAULT current_timestamp(),
  `updated_at` timestamp NULL DEFAULT NULL ON UPDATE current_timestamp()
) ENGINE=InnoDB DEFAULT CHARSET=utf8mb4;

-- --------------------------------------------------------

--
-- Table structure for table `admins`
--

CREATE TABLE `admins` (
  `id` bigint(20) UNSIGNED NOT NULL,
  `name` varchar(32) NOT NULL,
  `email` varchar(100) NOT NULL,
  `email_verified_at` date NOT NULL,
  `phone` varchar(11) NOT NULL,
  `phone_verified_at` date NOT NULL,
  `password` varchar(255) NOT NULL,
  `status` tinyint(1) NOT NULL DEFAULT 1,
  `code` int(11) NOT NULL,
  `created_at` timestamp NOT NULL DEFAULT current_timestamp(),
  `updated_at` timestamp NULL DEFAULT NULL ON UPDATE current_timestamp()
) ENGINE=InnoDB DEFAULT CHARSET=utf8mb4;

-- --------------------------------------------------------

--
-- Table structure for table `brands`
--

CREATE TABLE `brands` (
  `id` bigint(20) UNSIGNED NOT NULL,
  `name_en` varchar(32) NOT NULL,
  `name_ar` varchar(32) NOT NULL,
  `image` varchar(32) NOT NULL,
  `status` tinyint(1) NOT NULL DEFAULT 1,
  `created_at` timestamp NOT NULL DEFAULT current_timestamp(),
  `updated_at` timestamp NULL DEFAULT NULL ON UPDATE current_timestamp()
) ENGINE=InnoDB DEFAULT CHARSET=utf8mb4;

--
-- Dumping data for table `brands`
--

INSERT INTO `brands` (`id`, `name_en`, `name_ar`, `image`, `status`, `created_at`, `updated_at`) VALUES
(1, 'Samsung', 'سامسونج', 'samsung.png', 1, '2021-11-18 07:10:26', '2021-11-18 07:10:26'),
(2, 'DELL', 'ديل', 'dell.png', 1, '2021-11-18 07:10:26', '2021-11-18 07:10:26'),
(3, 'Lenovo', 'لينوفو', 'lenovo.png', 1, '2021-11-18 07:10:26', '2021-11-18 07:10:26'),
(4, 'apple', 'ابل', 'apple.png', 1, '2021-11-18 07:10:26', '2021-11-18 07:10:26'),
(5, 'oppo', 'oppo', 'oppo.png', 1, '2021-11-24 02:57:47', '2021-11-24 02:57:47'),
(6, 'lg', 'lg', 'lg.png', 1, '2021-11-24 02:57:47', '2021-11-24 02:57:47'),
(7, 'HP', 'HP', 'hp.png', 1, '2022-02-23 07:24:06', '2022-02-23 07:24:06'),
(8, 'ASUS', 'ASUS', 'asus.png', 1, '2022-02-23 07:24:06', '2022-02-23 07:24:06');

-- --------------------------------------------------------

--
-- Table structure for table `carts`
--

CREATE TABLE `carts` (
  `product_id` bigint(20) UNSIGNED NOT NULL,
  `user_id` bigint(20) UNSIGNED NOT NULL,
  `quantity` int(11) NOT NULL
) ENGINE=InnoDB DEFAULT CHARSET=utf8mb4;

-- --------------------------------------------------------

--
-- Table structure for table `categories`
--

CREATE TABLE `categories` (
  `id` bigint(20) UNSIGNED NOT NULL,
  `name_en` varchar(32) NOT NULL,
  `name_ar` varchar(32) NOT NULL,
  `image` varchar(32) NOT NULL,
  `status` tinyint(1) NOT NULL DEFAULT 1,
  `created_at` timestamp NOT NULL DEFAULT current_timestamp(),
  `updated_at` timestamp NULL DEFAULT NULL ON UPDATE current_timestamp()
) ENGINE=InnoDB DEFAULT CHARSET=utf8mb4;

--
-- Dumping data for table `categories`
--

INSERT INTO `categories` (`id`, `name_en`, `name_ar`, `image`, `status`, `created_at`, `updated_at`) VALUES
(1, 'electorinics', 'ادوات كهربائية', '', 1, '2021-11-17 08:05:23', '2021-11-17 08:10:48'),
(2, 'kitchen', 'مطبخ', '', 1, '2021-11-18 07:54:51', '2021-11-18 07:54:51'),
(3, 'supermarket', 'سوبرماركت', '', 1, '2022-02-23 05:26:47', '2022-02-23 05:26:47'),
(4, 'fashion', 'موضة وازياء', '', 1, '2022-02-23 05:26:47', '2022-02-23 05:26:47');

-- --------------------------------------------------------

--
-- Table structure for table `cities`
--

CREATE TABLE `cities` (
  `id` bigint(20) UNSIGNED NOT NULL,
  `name_en` varchar(32) NOT NULL,
  `name_ar` varchar(32) NOT NULL,
  `latitude` int(11) NOT NULL,
  `longitude` int(11) NOT NULL,
  `distance` int(11) NOT NULL,
  `status` tinyint(1) NOT NULL DEFAULT 1,
  `created_at` timestamp NOT NULL DEFAULT current_timestamp(),
  `updated_at` timestamp NULL DEFAULT NULL ON UPDATE current_timestamp()
) ENGINE=InnoDB DEFAULT CHARSET=utf8mb4;

-- --------------------------------------------------------

--
-- Table structure for table `complains_replies`
--

CREATE TABLE `complains_replies` (
  `id` bigint(20) UNSIGNED NOT NULL,
  `messege` text NOT NULL,
  `user_id` bigint(20) UNSIGNED NOT NULL,
  `reply_id` bigint(20) UNSIGNED NOT NULL,
  `created_at` timestamp NOT NULL DEFAULT current_timestamp(),
  `updated_at` timestamp NULL DEFAULT NULL ON UPDATE current_timestamp()
) ENGINE=InnoDB DEFAULT CHARSET=utf8mb4;

-- --------------------------------------------------------

--
-- Table structure for table `coupons`
--

CREATE TABLE `coupons` (
  `id` bigint(20) UNSIGNED NOT NULL,
  `code` int(11) NOT NULL,
  `discount` decimal(10,0) NOT NULL,
  `discount_type` tinyint(1) NOT NULL DEFAULT 1,
  `min_order_price` decimal(10,0) NOT NULL,
  `max_discount_value` decimal(10,0) NOT NULL,
  `max_number_of_usage` int(11) NOT NULL,
  `max_number_of_usage_per_user` int(11) NOT NULL,
  `status` tinyint(1) NOT NULL DEFAULT 1,
  `start_date` date NOT NULL,
  `end_date` date NOT NULL,
  `created_at` timestamp NOT NULL DEFAULT current_timestamp(),
  `updated_at` timestamp NULL DEFAULT NULL ON UPDATE current_timestamp()
) ENGINE=InnoDB DEFAULT CHARSET=utf8mb4;

-- --------------------------------------------------------

--
-- Table structure for table `favs`
--

CREATE TABLE `favs` (
  `product_id` bigint(20) UNSIGNED NOT NULL,
  `user_id` bigint(20) UNSIGNED NOT NULL
) ENGINE=InnoDB DEFAULT CHARSET=utf8mb4;

-- --------------------------------------------------------

--
-- Table structure for table `offers`
--

CREATE TABLE `offers` (
  `id` bigint(20) UNSIGNED NOT NULL,
  `title_en` varchar(32) NOT NULL,
  `title_ar` varchar(32) NOT NULL,
  `image` varchar(32) NOT NULL,
  `discount` decimal(10,0) NOT NULL,
  `discount_type` tinyint(1) NOT NULL DEFAULT 1,
  `start_date` date NOT NULL,
  `end_date` date NOT NULL,
  `created_at` timestamp NOT NULL DEFAULT current_timestamp(),
  `updated_at` timestamp NULL DEFAULT NULL ON UPDATE current_timestamp()
) ENGINE=InnoDB DEFAULT CHARSET=utf8mb4;

-- --------------------------------------------------------

--
-- Table structure for table `orders`
--

CREATE TABLE `orders` (
  `id` bigint(20) UNSIGNED NOT NULL,
  `order_number` int(11) NOT NULL,
  `status` tinyint(1) NOT NULL DEFAULT 1,
  `total_price` decimal(10,0) NOT NULL,
  `delivered_at` date NOT NULL,
  `payment_method` tinyint(1) NOT NULL DEFAULT 1,
  `address_id` bigint(20) UNSIGNED NOT NULL,
  `coupon_id` bigint(20) UNSIGNED NOT NULL,
  `created_at` timestamp NOT NULL DEFAULT current_timestamp(),
  `updated_at` timestamp NULL DEFAULT NULL ON UPDATE current_timestamp()
) ENGINE=InnoDB DEFAULT CHARSET=utf8mb4;

-- --------------------------------------------------------

--
-- Table structure for table `orders_products`
--

CREATE TABLE `orders_products` (
  `order_id` bigint(20) UNSIGNED NOT NULL,
  `product_id` bigint(20) UNSIGNED NOT NULL,
  `price` decimal(10,0) NOT NULL,
  `quantity` int(11) NOT NULL
) ENGINE=InnoDB DEFAULT CHARSET=utf8mb4;

-- --------------------------------------------------------

--
-- Table structure for table `products`
--

CREATE TABLE `products` (
  `id` bigint(20) UNSIGNED NOT NULL,
  `name_en` varchar(32) NOT NULL,
  `name_ar` varchar(32) NOT NULL,
  `details_en` text NOT NULL,
  `details_ar` text NOT NULL,
  `code` int(11) NOT NULL,
  `quantity` int(11) NOT NULL,
  `status` tinyint(1) NOT NULL DEFAULT 1 COMMENT '"1=>active""0=>not active"',
  `price` decimal(10,0) NOT NULL,
  `image` varchar(32) NOT NULL,
  `subcategory_id` bigint(20) UNSIGNED NOT NULL,
  `brand_id` bigint(20) UNSIGNED DEFAULT NULL,
  `created_at` timestamp NOT NULL DEFAULT current_timestamp(),
  `updated_at` timestamp NULL DEFAULT NULL ON UPDATE current_timestamp()
) ENGINE=InnoDB DEFAULT CHARSET=utf8mb4;

--
-- Dumping data for table `products`
--

INSERT INTO `products` (`id`, `name_en`, `name_ar`, `details_en`, `details_ar`, `code`, `quantity`, `status`, `price`, `image`, `subcategory_id`, `brand_id`, `created_at`, `updated_at`) VALUES
(1, 'laptop', 'لابتوب', 'Lorem Ipsum is simply dummy text of the printing and typesetting industry. Lorem Ipsum has been the industry\'s standard dummy text ever since the 1500s, when an unknown printer took a galley of type and scrambled it to make a type specimen book. It has survived not only five centuries, but also the leap into electronic typesetting, remaining essentially unchanged. It was popularised in the 1960s with the release of Letraset sheets containing Lorem Ipsum passages, and more recently with desktop publishing software like Aldus PageMaker including versions of Lorem Ipsum.\r\n\r\n', 'هناك حقيقة مثبتة منذ زمن طويل وهي أن المحتوى المقروء لصفحة ما سيلهي القارئ عن التركيز على الشكل الخارجي للنص أو شكل توضع الفقرات في الصفحة التي يقرأها. ولذلك يتم استخدام طريقة لوريم إيبسوم لأنها تعطي توزيعاَ طبيعياَ -إلى حد ما- للأحرف عوضاً عن استخدام \"هنا يوجد محتوى نصي، هنا يوجد محتوى نصي\" فتجعلها تبدو (أي الأحرف) وكأنها نص مقروء. العديد من برامح النشر المكتبي وبرامح تحرير صفحات الويب تستخدم لوريم إيبسوم بشكل إفتراضي كنموذج عن النص، وإذا قمت بإدخال \"lorem ipsum\" في أي محرك بحث ستظهر العديد من المواقع الحديثة العهد في نتائج البحث. على مدى السنين ظهرت نسخ جديدة ومختلفة من نص لوريم إيبسوم، أحياناً عن طريق الصدفة، وأحياناً عن عمد كإدخال بعض العبارات الفكاهية إليها.\r\n\r\n', 12345, 1, 1, '250', 'dell.jpg', 1, 1, '2021-11-18 07:13:16', '2022-05-25 07:20:24'),
(2, 'a 50', 'a 50', 'Lorem Ipsum is simply dummy text of the printing and typesetting industry. Lorem Ipsum has been the industry\'s standard dummy text ever since the 1500s, when an unknown printer took a galley of type and scrambled it to make a type specimen book. It has survived not only five centuries, but also the leap into electronic typesetting, remaining essentially unchanged. It was popularised in the 1960s with the release of Letraset sheets containing Lorem Ipsum passages, and more recently with desktop publishing software like Aldus PageMaker including versions of Lorem Ipsum.\r\n\r\n', 'هناك حقيقة مثبتة منذ زمن طويل وهي أن المحتوى المقروء لصفحة ما سيلهي القارئ عن التركيز على الشكل الخارجي للنص أو شكل توضع الفقرات في الصفحة التي يقرأها. ولذلك يتم استخدام طريقة لوريم إيبسوم لأنها تعطي توزيعاَ طبيعياَ -إلى حد ما- للأحرف عوضاً عن استخدام \"هنا يوجد محتوى نصي، هنا يوجد محتوى نصي\" فتجعلها تبدو (أي الأحرف) وكأنها نص مقروء. العديد من برامح النشر المكتبي وبرامح تحرير صفحات الويب تستخدم لوريم إيبسوم بشكل إفتراضي كنموذج عن النص، وإذا قمت بإدخال \"lorem ipsum\" في أي محرك بحث ستظهر العديد من المواقع الحديثة العهد في نتائج البحث. على مدى السنين ظهرت نسخ جديدة ومختلفة من نص لوريم إيبسوم، أحياناً عن طريق الصدفة، وأحياناً عن عمد كإدخال بعض العبارات الفكاهية إليها.\r\n\r\n', 321244, 1, 0, '4000', 'a50.jpg', 2, 1, '2021-11-18 07:13:16', '2022-05-25 07:20:25'),
(3, 'tv 55 inch', 'tv 55 inch', 'Lorem Ipsum is simply dummy text of the printing and typesetting industry. Lorem Ipsum has been the industry\'s standard dummy text ever since the 1500s, when an unknown printer took a galley of type and scrambled it to make a type specimen book. It has survived not only five centuries, but also the leap into electronic typesetting, remaining essentially unchanged. It was popularised in the 1960s with the release of Letraset sheets containing Lorem Ipsum passages, and more recently with desktop publishing software like Aldus PageMaker including versions of Lorem Ipsum.\r\n\r\n', 'هناك حقيقة مثبتة منذ زمن طويل وهي أن المحتوى المقروء لصفحة ما سيلهي القارئ عن التركيز على الشكل الخارجي للنص أو شكل توضع الفقرات في الصفحة التي يقرأها. ولذلك يتم استخدام طريقة لوريم إيبسوم لأنها تعطي توزيعاَ طبيعياَ -إلى حد ما- للأحرف عوضاً عن استخدام \"هنا يوجد محتوى نصي، هنا يوجد محتوى نصي\" فتجعلها تبدو (أي الأحرف) وكأنها نص مقروء. العديد من برامح النشر المكتبي وبرامح تحرير صفحات الويب تستخدم لوريم إيبسوم بشكل إفتراضي كنموذج عن النص، وإذا قمت بإدخال \"lorem ipsum\" في أي محرك بحث ستظهر العديد من المواقع الحديثة العهد في نتائج البحث. على مدى السنين ظهرت نسخ جديدة ومختلفة من نص لوريم إيبسوم، أحياناً عن طريق الصدفة، وأحياناً عن عمد كإدخال بعض العبارات الفكاهية إليها.\r\n\r\n', 55525, 1, 1, '10000', 'tv55.jpg', 4, 1, '2021-11-18 07:13:16', '2022-05-25 07:20:27'),
(4, 'MacBook PRo', 'MacBook PRo', 'Lorem Ipsum is simply dummy text of the printing and typesetting industry. Lorem Ipsum has been the industry\'s standard dummy text ever since the 1500s, when an unknown printer took a galley of type and scrambled it to make a type specimen book. It has survived not only five centuries, but also the leap into electronic typesetting, remaining essentially unchanged. It was popularised in the 1960s with the release of Letraset sheets containing Lorem Ipsum passages, and more recently with desktop publishing software like Aldus PageMaker including versions of Lorem Ipsum.\r\n\r\n', 'هناك حقيقة مثبتة منذ زمن طويل وهي أن المحتوى المقروء لصفحة ما سيلهي القارئ عن التركيز على الشكل الخارجي للنص أو شكل توضع الفقرات في الصفحة التي يقرأها. ولذلك يتم استخدام طريقة لوريم إيبسوم لأنها تعطي توزيعاَ طبيعياَ -إلى حد ما- للأحرف عوضاً عن استخدام \"هنا يوجد محتوى نصي، هنا يوجد محتوى نصي\" فتجعلها تبدو (أي الأحرف) وكأنها نص مقروء. العديد من برامح النشر المكتبي وبرامح تحرير صفحات الويب تستخدم لوريم إيبسوم بشكل إفتراضي كنموذج عن النص، وإذا قمت بإدخال \"lorem ipsum\" في أي محرك بحث ستظهر العديد من المواقع الحديثة العهد في نتائج البحث. على مدى السنين ظهرت نسخ جديدة ومختلفة من نص لوريم إيبسوم، أحياناً عن طريق الصدفة، وأحياناً عن عمد كإدخال بعض العبارات الفكاهية إليها.\r\n\r\n', 52524, 2, 1, '40000', 'mac.jpg', 1, 4, '2021-09-22 02:07:40', '2022-05-25 07:20:28'),
(5, 's21', 's21', 'Lorem Ipsum is simply dummy text of the printing and typesetting industry. Lorem Ipsum has been the industry\'s standard dummy text ever since the 1500s, when an unknown printer took a galley of type and scrambled it to make a type specimen book. It has survived not only five centuries, but also the leap into electronic typesetting, remaining essentially unchanged. It was popularised in the 1960s with the release of Letraset sheets containing Lorem Ipsum passages, and more recently with desktop publishing software like Aldus PageMaker including versions of Lorem Ipsum.\r\n\r\n', 'هناك حقيقة مثبتة منذ زمن طويل وهي أن المحتوى المقروء لصفحة ما سيلهي القارئ عن التركيز على الشكل الخارجي للنص أو شكل توضع الفقرات في الصفحة التي يقرأها. ولذلك يتم استخدام طريقة لوريم إيبسوم لأنها تعطي توزيعاَ طبيعياَ -إلى حد ما- للأحرف عوضاً عن استخدام \"هنا يوجد محتوى نصي، هنا يوجد محتوى نصي\" فتجعلها تبدو (أي الأحرف) وكأنها نص مقروء. العديد من برامح النشر المكتبي وبرامح تحرير صفحات الويب تستخدم لوريم إيبسوم بشكل إفتراضي كنموذج عن النص، وإذا قمت بإدخال \"lorem ipsum\" في أي محرك بحث ستظهر العديد من المواقع الحديثة العهد في نتائج البحث. على مدى السنين ظهرت نسخ جديدة ومختلفة من نص لوريم إيبسوم، أحياناً عن طريق الصدفة، وأحياناً عن عمد كإدخال بعض العبارات الفكاهية إليها.\r\n\r\n', 123213, 10, 1, '15000', 's21.jpg', 2, 1, '2021-09-22 02:07:40', '2022-05-25 07:20:31'),
(6, 'iphone 13', 'iphone 13', 'Lorem Ipsum is simply dummy text of the printing and typesetting industry. Lorem Ipsum has been the industry\'s standard dummy text ever since the 1500s, when an unknown printer took a galley of type and scrambled it to make a type specimen book. It has survived not only five centuries, but also the leap into electronic typesetting, remaining essentially unchanged. It was popularised in the 1960s with the release of Letraset sheets containing Lorem Ipsum passages, and more recently with desktop publishing software like Aldus PageMaker including versions of Lorem Ipsum.\r\n\r\n', 'هناك حقيقة مثبتة منذ زمن طويل وهي أن المحتوى المقروء لصفحة ما سيلهي القارئ عن التركيز على الشكل الخارجي للنص أو شكل توضع الفقرات في الصفحة التي يقرأها. ولذلك يتم استخدام طريقة لوريم إيبسوم لأنها تعطي توزيعاَ طبيعياَ -إلى حد ما- للأحرف عوضاً عن استخدام \"هنا يوجد محتوى نصي، هنا يوجد محتوى نصي\" فتجعلها تبدو (أي الأحرف) وكأنها نص مقروء. العديد من برامح النشر المكتبي وبرامح تحرير صفحات الويب تستخدم لوريم إيبسوم بشكل إفتراضي كنموذج عن النص، وإذا قمت بإدخال \"lorem ipsum\" في أي محرك بحث ستظهر العديد من المواقع الحديثة العهد في نتائج البحث. على مدى السنين ظهرت نسخ جديدة ومختلفة من نص لوريم إيبسوم، أحياناً عن طريق الصدفة، وأحياناً عن عمد كإدخال بعض العبارات الفكاهية إليها.\r\n\r\n', 12525, 20, 1, '25000', 'iphone13.jpg', 2, 4, '2021-09-22 02:07:40', '2022-05-25 07:20:33'),
(7, 'Reno 6', 'Reno 6', 'Lorem Ipsum is simply dummy text of the printing and typesetting industry. Lorem Ipsum has been the industry\'s standard dummy text ever since the 1500s, when an unknown printer took a galley of type and scrambled it to make a type specimen book. It has survived not only five centuries, but also the leap into electronic typesetting, remaining essentially unchanged. It was popularised in the 1960s with the release of Letraset sheets containing Lorem Ipsum passages, and more recently with desktop publishing software like Aldus PageMaker including versions of Lorem Ipsum.\r\n\r\n', 'هناك حقيقة مثبتة منذ زمن طويل وهي أن المحتوى المقروء لصفحة ما سيلهي القارئ عن التركيز على الشكل الخارجي للنص أو شكل توضع الفقرات في الصفحة التي يقرأها. ولذلك يتم استخدام طريقة لوريم إيبسوم لأنها تعطي توزيعاَ طبيعياَ -إلى حد ما- للأحرف عوضاً عن استخدام \"هنا يوجد محتوى نصي، هنا يوجد محتوى نصي\" فتجعلها تبدو (أي الأحرف) وكأنها نص مقروء. العديد من برامح النشر المكتبي وبرامح تحرير صفحات الويب تستخدم لوريم إيبسوم بشكل إفتراضي كنموذج عن النص، وإذا قمت بإدخال \"lorem ipsum\" في أي محرك بحث ستظهر العديد من المواقع الحديثة العهد في نتائج البحث. على مدى السنين ظهرت نسخ جديدة ومختلفة من نص لوريم إيبسوم، أحياناً عن طريق الصدفة، وأحياناً عن عمد كإدخال بعض العبارات الفكاهية إليها.\r\n\r\n', 4444, 5, 1, '10000', 'reno.jpg', 2, 5, '2021-09-22 02:07:40', '2022-05-25 07:20:35'),
(8, 'Lenovo Lapttop', 'Lenovo Lapttop', 'Lorem Ipsum is simply dummy text of the printing and typesetting industry. Lorem Ipsum has been the industry\'s standard dummy text ever since the 1500s, when an unknown printer took a galley of type and scrambled it to make a type specimen book. It has survived not only five centuries, but also the leap into electronic typesetting, remaining essentially unchanged. It was popularised in the 1960s with the release of Letraset sheets containing Lorem Ipsum passages, and more recently with desktop publishing software like Aldus PageMaker including versions of Lorem Ipsum.\r\n\r\n', 'هناك حقيقة مثبتة منذ زمن طويل وهي أن المحتوى المقروء لصفحة ما سيلهي القارئ عن التركيز على الشكل الخارجي للنص أو شكل توضع الفقرات في الصفحة التي يقرأها. ولذلك يتم استخدام طريقة لوريم إيبسوم لأنها تعطي توزيعاَ طبيعياَ -إلى حد ما- للأحرف عوضاً عن استخدام \"هنا يوجد محتوى نصي، هنا يوجد محتوى نصي\" فتجعلها تبدو (أي الأحرف) وكأنها نص مقروء. العديد من برامح النشر المكتبي وبرامح تحرير صفحات الويب تستخدم لوريم إيبسوم بشكل إفتراضي كنموذج عن النص، وإذا قمت بإدخال \"lorem ipsum\" في أي محرك بحث ستظهر العديد من المواقع الحديثة العهد في نتائج البحث. على مدى السنين ظهرت نسخ جديدة ومختلفة من نص لوريم إيبسوم، أحياناً عن طريق الصدفة، وأحياناً عن عمد كإدخال بعض العبارات الفكاهية إليها.\r\n\r\nهناك حقيقة مثبتة منذ زمن طويل وهي أن المحتوى المقروء لصفحة ما سيلهي القارئ عن التركيز على الشكل الخارجي للنص أو شكل توضع الفقرات في الصفحة التي يقرأها. ولذلك يتم استخدام طريقة لوريم إيبسوم لأنها تعطي توزيعاَ طبيعياَ -إلى حد ما- للأحرف عوضاً عن استخدام \"هنا يوجد محتوى نصي، هنا يوجد محتوى نصي\" فتجعلها تبدو (أي الأحرف) وكأنها نص مقروء. العديد من برامح النشر المكتبي وبرامح تحرير صفحات الويب تستخدم لوريم إيبسوم بشكل إفتراضي كنموذج عن النص، وإذا قمت بإدخال \"lorem ipsum\" في أي محرك بحث ستظهر العديد من المواقع الحديثة العهد في نتائج البحث. على مدى السنين ظهرت نسخ جديدة ومختلفة من نص لوريم إيبسوم، أحياناً عن طريق الصدفة، وأحياناً عن عمد كإدخال بعض العبارات الفكاهية إليها.\r\n\r\n', 7754, 1, 1, '17000', 'lenovo.jpg', 1, 3, '2021-09-22 02:07:40', '2022-05-25 07:20:37'),
(9, 'Dell Laptop', 'Dell Laptop', 'Lorem Ipsum is simply dummy text of the printing and typesetting industry. Lorem Ipsum has been the industry\'s standard dummy text ever since the 1500s, when an unknown printer took a galley of type and scrambled it to make a type specimen book. It has survived not only five centuries, but also the leap into electronic typesetting, remaining essentially unchanged. It was popularised in the 1960s with the release of Letraset sheets containing Lorem Ipsum passages, and more recently with desktop publishing software like Aldus PageMaker including versions of Lorem Ipsum.\r\n\r\n', 'هناك حقيقة مثبتة منذ زمن طويل وهي أن المحتوى المقروء لصفحة ما سيلهي القارئ عن التركيز على الشكل الخارجي للنص أو شكل توضع الفقرات في الصفحة التي يقرأها. ولذلك يتم استخدام طريقة لوريم إيبسوم لأنها تعطي توزيعاَ طبيعياَ -إلى حد ما- للأحرف عوضاً عن استخدام \"هنا يوجد محتوى نصي، هنا يوجد محتوى نصي\" فتجعلها تبدو (أي الأحرف) وكأنها نص مقروء. العديد من برامح النشر المكتبي وبرامح تحرير صفحات الويب تستخدم لوريم إيبسوم بشكل إفتراضي كنموذج عن النص، وإذا قمت بإدخال \"lorem ipsum\" في أي محرك بحث ستظهر العديد من المواقع الحديثة العهد في نتائج البحث. على مدى السنين ظهرت نسخ جديدة ومختلفة من نص لوريم إيبسوم، أحياناً عن طريق الصدفة، وأحياناً عن عمد كإدخال بعض العبارات الفكاهية إليها.\r\n\r\n', 42424, 0, 1, '20000', 'dell.jpg', 1, 2, '2021-09-22 02:07:40', '2022-05-25 07:20:39'),
(10, 'Lg TV', 'Lg TV', 'Lorem Ipsum is simply dummy text of the printing and typesetting industry. Lorem Ipsum has been the industry\'s standard dummy text ever since the 1500s, when an unknown printer took a galley of type and scrambled it to make a type specimen book. It has survived not only five centuries, but also the leap into electronic typesetting, remaining essentially unchanged. It was popularised in the 1960s with the release of Letraset sheets containing Lorem Ipsum passages, and more recently with desktop publishing software like Aldus PageMaker including versions of Lorem Ipsum.\r\n\r\n', 'هناك حقيقة مثبتة منذ زمن طويل وهي أن المحتوى المقروء لصفحة ما سيلهي القارئ عن التركيز على الشكل الخارجي للنص أو شكل توضع الفقرات في الصفحة التي يقرأها. ولذلك يتم استخدام طريقة لوريم إيبسوم لأنها تعطي توزيعاَ طبيعياَ -إلى حد ما- للأحرف عوضاً عن استخدام \"هنا يوجد محتوى نصي، هنا يوجد محتوى نصي\" فتجعلها تبدو (أي الأحرف) وكأنها نص مقروء. العديد من برامح النشر المكتبي وبرامح تحرير صفحات الويب تستخدم لوريم إيبسوم بشكل إفتراضي كنموذج عن النص، وإذا قمت بإدخال \"lorem ipsum\" في أي محرك بحث ستظهر العديد من المواقع الحديثة العهد في نتائج البحث. على مدى السنين ظهرت نسخ جديدة ومختلفة من نص لوريم إيبسوم، أحياناً عن طريق الصدفة، وأحياناً عن عمد كإدخال بعض العبارات الفكاهية إليها.\r\n\r\n', 5545, 3, 1, '12000', 'lg.jpg', 4, 6, '2021-09-22 02:07:40', '2022-05-25 07:20:44'),
(11, 'Samsung Tv', 'Samsung Tv', 'Lorem Ipsum is simply dummy text of the printing and typesetting industry. Lorem Ipsum has been the industry\'s standard dummy text ever since the 1500s, when an unknown printer took a galley of type and scrambled it to make a type specimen book. It has survived not only five centuries, but also the leap into electronic typesetting, remaining essentially unchanged. It was popularised in the 1960s with the release of Letraset sheets containing Lorem Ipsum passages, and more recently with desktop publishing software like Aldus PageMaker including versions of Lorem Ipsum.\r\n\r\n', 'هناك حقيقة مثبتة منذ زمن طويل وهي أن المحتوى المقروء لصفحة ما سيلهي القارئ عن التركيز على الشكل الخارجي للنص أو شكل توضع الفقرات في الصفحة التي يقرأها. ولذلك يتم استخدام طريقة لوريم إيبسوم لأنها تعطي توزيعاَ طبيعياَ -إلى حد ما- للأحرف عوضاً عن استخدام \"هنا يوجد محتوى نصي، هنا يوجد محتوى نصي\" فتجعلها تبدو (أي الأحرف) وكأنها نص مقروء. العديد من برامح النشر المكتبي وبرامح تحرير صفحات الويب تستخدم لوريم إيبسوم بشكل إفتراضي كنموذج عن النص، وإذا قمت بإدخال \"lorem ipsum\" في أي محرك بحث ستظهر العديد من المواقع الحديثة العهد في نتائج البحث. على مدى السنين ظهرت نسخ جديدة ومختلفة من نص لوريم إيبسوم، أحياناً عن طريق الصدفة، وأحياناً عن عمد كإدخال بعض العبارات الفكاهية إليها.\r\n\r\n', 7777, 7, 1, '15000', 'samsung.jpg', 4, 1, '2021-09-22 02:07:40', '2022-05-25 07:20:46'),
(12, 'Chepsi', 'Chepsi', 'Lorem Ipsum is simply dummy text of the printing and typesetting industry. Lorem Ipsum has been the industry\'s standard dummy text ever since the 1500s, when an unknown printer took a galley of type and scrambled it to make a type specimen book. It has survived not only five centuries, but also the leap into electronic typesetting, remaining essentially unchanged. It was popularised in the 1960s with the release of Letraset sheets containing Lorem Ipsum passages, and more recently with desktop publishing software like Aldus PageMaker including versions of Lorem Ipsum.\r\n\r\n', 'هناك حقيقة مثبتة منذ زمن طويل وهي أن المحتوى المقروء لصفحة ما سيلهي القارئ عن التركيز على الشكل الخارجي للنص أو شكل توضع الفقرات في الصفحة التي يقرأها. ولذلك يتم استخدام طريقة لوريم إيبسوم لأنها تعطي توزيعاَ طبيعياَ -إلى حد ما- للأحرف عوضاً عن استخدام \"هنا يوجد محتوى نصي، هنا يوجد محتوى نصي\" فتجعلها تبدو (أي الأحرف) وكأنها نص مقروء. العديد من برامح النشر المكتبي وبرامح تحرير صفحات الويب تستخدم لوريم إيبسوم بشكل إفتراضي كنموذج عن النص، وإذا قمت بإدخال \"lorem ipsum\" في أي محرك بحث ستظهر العديد من المواقع الحديثة العهد في نتائج البحث. على مدى السنين ظهرت نسخ جديدة ومختلفة من نص لوريم إيبسوم، أحياناً عن طريق الصدفة، وأحياناً عن عمد كإدخال بعض العبارات الفكاهية إليها.\r\n\r\n', 4247, 0, 1, '10', 'chepsi.jpg', 5, NULL, '2021-09-22 02:07:40', '2022-05-25 07:20:49'),
(13, 'samsung a70', 'سامسونج 70', 'Lorem Ipsum is simply dummy text of the printing and typesetting industry. Lorem Ipsum has been the industry\'s standard dummy text ever since the 1500s, when an unknown printer took a galley of type and scrambled it to make a type specimen book. It has survived not only five centuries, but also the leap into electronic typesetting, remaining essentially unchanged. It was popularised in the 1960s with the release of Letraset sheets containing Lorem Ipsum passages, and more recently with desktop publishing software like Aldus PageMaker including versions of Lorem Ipsum.\r\n\r\n', 'هناك حقيقة مثبتة منذ زمن طويل وهي أن المحتوى المقروء لصفحة ما سيلهي القارئ عن التركيز على الشكل الخارجي للنص أو شكل توضع الفقرات في الصفحة التي يقرأها. ولذلك يتم استخدام طريقة لوريم إيبسوم لأنها تعطي توزيعاَ طبيعياَ -إلى حد ما- للأحرف عوضاً عن استخدام \"هنا يوجد محتوى نصي، هنا يوجد محتوى نصي\" فتجعلها تبدو (أي الأحرف) وكأنها نص مقروء. العديد من برامح النشر المكتبي وبرامح تحرير صفحات الويب تستخدم لوريم إيبسوم بشكل إفتراضي كنموذج عن النص، وإذا قمت بإدخال \"lorem ipsum\" في أي محرك بحث ستظهر العديد من المواقع الحديثة العهد في نتائج البحث. على مدى السنين ظهرت نسخ جديدة ومختلفة من نص لوريم إيبسوم، أحياناً عن طريق الصدفة، وأحياناً عن عمد كإدخال بعض العبارات الفكاهية إليها.\r\n\r\n', 29112021, 5, 1, '2500', 'a50.jpg', 2, 1, '2021-11-29 04:21:36', '2022-05-25 07:20:51'),
(14, 'feta cheese', 'جبنة فيتا', 'description', 'تفاصيل', 1100, 100, 1, '5', 'feta.png', 7, NULL, '2022-02-23 07:11:17', '2022-05-25 07:20:53');

-- --------------------------------------------------------

--
-- Table structure for table `products_offers`
--

CREATE TABLE `products_offers` (
  `product_id` bigint(20) UNSIGNED NOT NULL,
  `offer_id` bigint(20) UNSIGNED NOT NULL,
  `price_after_discount` decimal(10,0) NOT NULL
) ENGINE=InnoDB DEFAULT CHARSET=utf8mb4;

-- --------------------------------------------------------

--
-- Table structure for table `products_specs`
--

CREATE TABLE `products_specs` (
  `product_id` bigint(20) UNSIGNED NOT NULL,
  `spec_id` bigint(20) UNSIGNED NOT NULL,
  `value` varchar(32) NOT NULL
) ENGINE=InnoDB DEFAULT CHARSET=utf8mb4;

-- --------------------------------------------------------

--
-- Stand-in structure for view `product_details`
-- (See below for the actual view)
--
CREATE TABLE `product_details` (
`id` bigint(20) unsigned
,`name_en` varchar(32)
,`name_ar` varchar(32)
,`details_en` text
,`details_ar` text
,`code` int(11)
,`quantity` int(11)
,`status` tinyint(1)
,`price` decimal(10,0)
,`image` varchar(32)
,`subcategory_id` bigint(20) unsigned
,`brand_id` bigint(20) unsigned
,`created_at` timestamp
,`updated_at` timestamp
,`subcategory_name_en` varchar(32)
,`categories_name_en` varchar(32)
,`category_id` bigint(20) unsigned
,`brands_name_en` varchar(32)
);

-- --------------------------------------------------------

--
-- Table structure for table `regions`
--

CREATE TABLE `regions` (
  `id` bigint(20) UNSIGNED NOT NULL,
  `name_en` varchar(32) NOT NULL,
  `name_ar` varchar(32) NOT NULL,
  `latitude` int(11) NOT NULL,
  `longitude` int(11) NOT NULL,
  `distance` int(11) NOT NULL,
  `status` tinyint(1) NOT NULL DEFAULT 1,
  `city_id` bigint(20) UNSIGNED NOT NULL,
  `created_at` timestamp NOT NULL DEFAULT current_timestamp(),
  `updated_at` timestamp NULL DEFAULT NULL ON UPDATE current_timestamp()
) ENGINE=InnoDB DEFAULT CHARSET=utf8mb4;

-- --------------------------------------------------------

--
-- Table structure for table `reviews`
--

CREATE TABLE `reviews` (
  `product_id` bigint(20) UNSIGNED NOT NULL,
  `user_id` bigint(20) UNSIGNED NOT NULL,
  `rate` int(11) NOT NULL,
  `comment` text NOT NULL,
  `created_at` timestamp NOT NULL DEFAULT current_timestamp(),
  `updated_at` timestamp NULL DEFAULT NULL ON UPDATE current_timestamp()
) ENGINE=InnoDB DEFAULT CHARSET=utf8mb4;

-- --------------------------------------------------------

--
-- Table structure for table `specs`
--

CREATE TABLE `specs` (
  `id` bigint(20) UNSIGNED NOT NULL,
  `name` varchar(255) NOT NULL
) ENGINE=InnoDB DEFAULT CHARSET=utf8mb4;

-- --------------------------------------------------------

--
-- Table structure for table `subcategories`
--

CREATE TABLE `subcategories` (
  `id` bigint(20) UNSIGNED NOT NULL,
  `name_en` varchar(32) NOT NULL,
  `name_ar` varchar(32) NOT NULL,
  `image` varchar(32) NOT NULL,
  `status` tinyint(1) NOT NULL DEFAULT 1 COMMENT '"1=>active""0=>not active"',
  `category_id` bigint(20) UNSIGNED NOT NULL,
  `created_at` timestamp NOT NULL DEFAULT current_timestamp(),
  `updated_at` timestamp NULL DEFAULT NULL ON UPDATE current_timestamp()
) ENGINE=InnoDB DEFAULT CHARSET=utf8mb4;

--
-- Dumping data for table `subcategories`
--

INSERT INTO `subcategories` (`id`, `name_en`, `name_ar`, `image`, `status`, `category_id`, `created_at`, `updated_at`) VALUES
(1, 'laptops', 'لابتوبات', 'default.png', 1, 1, '2021-11-18 07:09:38', '2021-11-24 02:54:39'),
(2, 'mobiles', 'موبايلات', 'default.png', 1, 1, '2021-11-18 07:09:38', '2022-05-25 07:14:14'),
(3, 'desktop', 'كمبيوتر', 'default.png', 1, 1, '2021-11-18 07:09:38', '2022-05-25 07:14:29'),
(4, 'tv', 'تلفزيونات', 'default.png', 1, 1, '2021-11-18 07:13:41', '2022-05-25 07:14:37'),
(5, 'chepsi', 'شيبسي', 'default.png', 1, 3, '2021-11-24 02:56:26', '2022-05-25 07:29:07'),
(6, 'makeup', 'ادوات تجميل', '1.png', 1, 4, '2022-02-23 05:28:06', '2022-05-25 07:14:23'),
(7, 'cheese', 'جبن', 'cheese.png', 1, 3, '2022-02-23 07:11:01', '2022-02-23 07:11:01');

-- --------------------------------------------------------

--
-- Table structure for table `users`
--

CREATE TABLE `users` (
  `id` bigint(20) UNSIGNED NOT NULL,
  `first_name` varchar(32) NOT NULL,
  `last_name` varchar(32) NOT NULL,
  `email` varchar(80) NOT NULL,
  `email_verified_at` timestamp NULL DEFAULT NULL,
  `phone` varchar(11) NOT NULL,
  `phone_verified_at` timestamp NULL DEFAULT NULL,
  `image` varchar(32) NOT NULL DEFAULT 'default.jpg',
  `status` tinyint(1) NOT NULL DEFAULT 1 COMMENT '1=>active , 0=>block',
  `password` varchar(255) NOT NULL,
  `gender` enum('m','f') NOT NULL,
  `code` int(6) NOT NULL,
  `created_at` timestamp NOT NULL DEFAULT current_timestamp() ON UPDATE current_timestamp(),
  `updated_at` timestamp NOT NULL DEFAULT current_timestamp()
) ENGINE=InnoDB DEFAULT CHARSET=utf8mb4;

--
-- Dumping data for table `users`
--

INSERT INTO `users` (`id`, `first_name`, `last_name`, `email`, `email_verified_at`, `phone`, `phone_verified_at`, `image`, `status`, `password`, `gender`, `code`, `created_at`, `updated_at`) VALUES
(9, 'Galal', 'Husseny', 'galal.husseny@gmail.com', '2022-05-24 09:02:44', '01000498487', NULL, 'default.jpg', 1, '$2y$10$SKogzyeRnxHLierlTf/6Uu/ju9wNDml/naapRxs3Nd6Cq78zRdDMC', 'm', 295184, '2022-05-24 09:10:07', '2022-05-23 11:49:02'),
(10, 'Osama', 'Husseny', 'mohamed.husseny@gmail.com', '2022-05-24 08:29:28', '01000498483', NULL, '628cd1c6b2b56.jpeg', 1, '$2y$10$A2njRFT9SNURDq6TJBYYt.OW4MT4YRP3CBWGofIiLohYup3.PKxyy', 'm', 848888, '2022-05-24 12:38:30', '2022-05-24 08:09:28'),
(11, 'sara', 'Husseny', 'sara.husseny@gmail.com', '2022-05-24 08:45:34', '01000498481', NULL, 'default.jpg', 1, '$2y$10$nSPNKwnx6kVTpjtRnMMWTuLHDAkjsD07u40FyBlbzam.V5LGRCGfW', 'm', 809378, '2022-05-24 08:45:34', '2022-05-24 08:45:17');

-- --------------------------------------------------------

--
-- Structure for view `product_details`
--
DROP TABLE IF EXISTS `product_details`;

CREATE ALGORITHM=UNDEFINED DEFINER=`root`@`localhost` SQL SECURITY DEFINER VIEW `product_details`  AS   (select `products`.`id` AS `id`,`products`.`name_en` AS `name_en`,`products`.`name_ar` AS `name_ar`,`products`.`details_en` AS `details_en`,`products`.`details_ar` AS `details_ar`,`products`.`code` AS `code`,`products`.`quantity` AS `quantity`,`products`.`status` AS `status`,`products`.`price` AS `price`,`products`.`image` AS `image`,`products`.`subcategory_id` AS `subcategory_id`,`products`.`brand_id` AS `brand_id`,`products`.`created_at` AS `created_at`,`products`.`updated_at` AS `updated_at`,`subcategories`.`name_en` AS `subcategory_name_en`,`categories`.`name_en` AS `categories_name_en`,`categories`.`id` AS `category_id`,`brands`.`name_en` AS `brands_name_en` from (((`products` left join `brands` on(`brands`.`id` = `products`.`brand_id`)) left join `subcategories` on(`subcategories`.`id` = `products`.`subcategory_id`)) left join `categories` on(`categories`.`id` = `subcategories`.`category_id`)) order by `products`.`price`,`products`.`name_en`)  ;

--
-- Indexes for dumped tables
--

--
-- Indexes for table `addresses`
--
ALTER TABLE `addresses`
  ADD PRIMARY KEY (`id`),
  ADD KEY `users_addresses` (`user_id`),
  ADD KEY `regions_addresses` (`region_id`);

--
-- Indexes for table `admins`
--
ALTER TABLE `admins`
  ADD PRIMARY KEY (`id`),
  ADD UNIQUE KEY `code` (`code`),
  ADD UNIQUE KEY `email` (`email`);

--
-- Indexes for table `brands`
--
ALTER TABLE `brands`
  ADD PRIMARY KEY (`id`);

--
-- Indexes for table `carts`
--
ALTER TABLE `carts`
  ADD PRIMARY KEY (`product_id`,`user_id`),
  ADD KEY `carts_user` (`user_id`);

--
-- Indexes for table `categories`
--
ALTER TABLE `categories`
  ADD PRIMARY KEY (`id`);

--
-- Indexes for table `cities`
--
ALTER TABLE `cities`
  ADD PRIMARY KEY (`id`);

--
-- Indexes for table `complains_replies`
--
ALTER TABLE `complains_replies`
  ADD PRIMARY KEY (`id`),
  ADD KEY `complaints_users` (`user_id`),
  ADD KEY `complaints_replies` (`reply_id`);

--
-- Indexes for table `coupons`
--
ALTER TABLE `coupons`
  ADD PRIMARY KEY (`id`),
  ADD UNIQUE KEY `code` (`code`);

--
-- Indexes for table `favs`
--
ALTER TABLE `favs`
  ADD PRIMARY KEY (`product_id`,`user_id`),
  ADD KEY `favs_users` (`user_id`);

--
-- Indexes for table `offers`
--
ALTER TABLE `offers`
  ADD PRIMARY KEY (`id`);

--
-- Indexes for table `orders`
--
ALTER TABLE `orders`
  ADD PRIMARY KEY (`id`),
  ADD UNIQUE KEY `order_number` (`order_number`),
  ADD KEY `orders_addresses` (`address_id`),
  ADD KEY `orders_coupons` (`coupon_id`);

--
-- Indexes for table `orders_products`
--
ALTER TABLE `orders_products`
  ADD PRIMARY KEY (`order_id`,`product_id`),
  ADD KEY `product_id` (`product_id`);

--
-- Indexes for table `products`
--
ALTER TABLE `products`
  ADD PRIMARY KEY (`id`),
  ADD UNIQUE KEY `code` (`code`),
  ADD KEY `products_subcategories` (`subcategory_id`),
  ADD KEY `products_brands` (`brand_id`);

--
-- Indexes for table `products_offers`
--
ALTER TABLE `products_offers`
  ADD PRIMARY KEY (`product_id`,`offer_id`),
  ADD KEY `offer_id` (`offer_id`);

--
-- Indexes for table `products_specs`
--
ALTER TABLE `products_specs`
  ADD PRIMARY KEY (`product_id`,`spec_id`),
  ADD KEY `spec_id` (`spec_id`);

--
-- Indexes for table `regions`
--
ALTER TABLE `regions`
  ADD PRIMARY KEY (`id`),
  ADD KEY `cities_regions` (`city_id`);

--
-- Indexes for table `reviews`
--
ALTER TABLE `reviews`
  ADD PRIMARY KEY (`product_id`,`user_id`),
  ADD KEY `reviews_users` (`user_id`);

--
-- Indexes for table `specs`
--
ALTER TABLE `specs`
  ADD PRIMARY KEY (`id`);

--
-- Indexes for table `subcategories`
--
ALTER TABLE `subcategories`
  ADD PRIMARY KEY (`id`),
  ADD KEY `subcategories_categories` (`category_id`);

--
-- Indexes for table `users`
--
ALTER TABLE `users`
  ADD PRIMARY KEY (`id`),
  ADD UNIQUE KEY `code` (`code`),
  ADD UNIQUE KEY `email` (`email`),
  ADD UNIQUE KEY `phone` (`phone`);

--
-- AUTO_INCREMENT for dumped tables
--

--
-- AUTO_INCREMENT for table `addresses`
--
ALTER TABLE `addresses`
  MODIFY `id` bigint(20) UNSIGNED NOT NULL AUTO_INCREMENT;

--
-- AUTO_INCREMENT for table `admins`
--
ALTER TABLE `admins`
  MODIFY `id` bigint(20) UNSIGNED NOT NULL AUTO_INCREMENT;

--
-- AUTO_INCREMENT for table `brands`
--
ALTER TABLE `brands`
  MODIFY `id` bigint(20) UNSIGNED NOT NULL AUTO_INCREMENT, AUTO_INCREMENT=9;

--
-- AUTO_INCREMENT for table `categories`
--
ALTER TABLE `categories`
  MODIFY `id` bigint(20) UNSIGNED NOT NULL AUTO_INCREMENT, AUTO_INCREMENT=5;

--
-- AUTO_INCREMENT for table `cities`
--
ALTER TABLE `cities`
  MODIFY `id` bigint(20) UNSIGNED NOT NULL AUTO_INCREMENT;

--
-- AUTO_INCREMENT for table `complains_replies`
--
ALTER TABLE `complains_replies`
  MODIFY `id` bigint(20) UNSIGNED NOT NULL AUTO_INCREMENT;

--
-- AUTO_INCREMENT for table `coupons`
--
ALTER TABLE `coupons`
  MODIFY `id` bigint(20) UNSIGNED NOT NULL AUTO_INCREMENT;

--
-- AUTO_INCREMENT for table `offers`
--
ALTER TABLE `offers`
  MODIFY `id` bigint(20) UNSIGNED NOT NULL AUTO_INCREMENT;

--
-- AUTO_INCREMENT for table `orders`
--
ALTER TABLE `orders`
  MODIFY `id` bigint(20) UNSIGNED NOT NULL AUTO_INCREMENT;

--
-- AUTO_INCREMENT for table `products`
--
ALTER TABLE `products`
  MODIFY `id` bigint(20) UNSIGNED NOT NULL AUTO_INCREMENT, AUTO_INCREMENT=58;

--
-- AUTO_INCREMENT for table `regions`
--
ALTER TABLE `regions`
  MODIFY `id` bigint(20) UNSIGNED NOT NULL AUTO_INCREMENT;

--
-- AUTO_INCREMENT for table `specs`
--
ALTER TABLE `specs`
  MODIFY `id` bigint(20) UNSIGNED NOT NULL AUTO_INCREMENT;

--
-- AUTO_INCREMENT for table `subcategories`
--
ALTER TABLE `subcategories`
  MODIFY `id` bigint(20) UNSIGNED NOT NULL AUTO_INCREMENT, AUTO_INCREMENT=8;

--
-- AUTO_INCREMENT for table `users`
--
ALTER TABLE `users`
  MODIFY `id` bigint(20) UNSIGNED NOT NULL AUTO_INCREMENT, AUTO_INCREMENT=12;

--
-- Constraints for dumped tables
--

--
-- Constraints for table `addresses`
--
ALTER TABLE `addresses`
  ADD CONSTRAINT `regions_addresses` FOREIGN KEY (`region_id`) REFERENCES `regions` (`id`),
  ADD CONSTRAINT `users_addresses` FOREIGN KEY (`user_id`) REFERENCES `users` (`id`);

--
-- Constraints for table `carts`
--
ALTER TABLE `carts`
  ADD CONSTRAINT `carts_products` FOREIGN KEY (`product_id`) REFERENCES `products` (`id`),
  ADD CONSTRAINT `carts_user` FOREIGN KEY (`user_id`) REFERENCES `users` (`id`);

--
-- Constraints for table `complains_replies`
--
ALTER TABLE `complains_replies`
  ADD CONSTRAINT `complaints_replies` FOREIGN KEY (`reply_id`) REFERENCES `complains_replies` (`id`),
  ADD CONSTRAINT `complaints_users` FOREIGN KEY (`user_id`) REFERENCES `users` (`id`);

--
-- Constraints for table `favs`
--
ALTER TABLE `favs`
  ADD CONSTRAINT `favs_products` FOREIGN KEY (`product_id`) REFERENCES `products` (`id`),
  ADD CONSTRAINT `favs_users` FOREIGN KEY (`user_id`) REFERENCES `users` (`id`);

--
-- Constraints for table `orders`
--
ALTER TABLE `orders`
  ADD CONSTRAINT `orders_addresses` FOREIGN KEY (`address_id`) REFERENCES `addresses` (`id`),
  ADD CONSTRAINT `orders_coupons` FOREIGN KEY (`coupon_id`) REFERENCES `coupons` (`id`);

--
-- Constraints for table `orders_products`
--
ALTER TABLE `orders_products`
  ADD CONSTRAINT `orders_products_ibfk_1` FOREIGN KEY (`order_id`) REFERENCES `orders` (`id`),
  ADD CONSTRAINT `orders_products_ibfk_2` FOREIGN KEY (`product_id`) REFERENCES `products` (`id`);

--
-- Constraints for table `products`
--
ALTER TABLE `products`
  ADD CONSTRAINT `products_brands` FOREIGN KEY (`brand_id`) REFERENCES `brands` (`id`),
  ADD CONSTRAINT `products_subcategories` FOREIGN KEY (`subcategory_id`) REFERENCES `subcategories` (`id`);

--
-- Constraints for table `products_offers`
--
ALTER TABLE `products_offers`
  ADD CONSTRAINT `products_offers_ibfk_1` FOREIGN KEY (`product_id`) REFERENCES `products` (`id`),
  ADD CONSTRAINT `products_offers_ibfk_2` FOREIGN KEY (`offer_id`) REFERENCES `offers` (`id`);

--
-- Constraints for table `products_specs`
--
ALTER TABLE `products_specs`
  ADD CONSTRAINT `products_specs_ibfk_1` FOREIGN KEY (`product_id`) REFERENCES `products` (`id`),
  ADD CONSTRAINT `products_specs_ibfk_2` FOREIGN KEY (`spec_id`) REFERENCES `specs` (`id`);

--
-- Constraints for table `regions`
--
ALTER TABLE `regions`
  ADD CONSTRAINT `cities_regions` FOREIGN KEY (`city_id`) REFERENCES `cities` (`id`);

--
-- Constraints for table `reviews`
--
ALTER TABLE `reviews`
  ADD CONSTRAINT `reviews_products` FOREIGN KEY (`product_id`) REFERENCES `products` (`id`),
  ADD CONSTRAINT `reviews_users` FOREIGN KEY (`user_id`) REFERENCES `users` (`id`);

--
-- Constraints for table `subcategories`
--
ALTER TABLE `subcategories`
  ADD CONSTRAINT `subcategories_categories` FOREIGN KEY (`category_id`) REFERENCES `categories` (`id`);
COMMIT;

/*!40101 SET CHARACTER_SET_CLIENT=@OLD_CHARACTER_SET_CLIENT */;
/*!40101 SET CHARACTER_SET_RESULTS=@OLD_CHARACTER_SET_RESULTS */;
/*!40101 SET COLLATION_CONNECTION=@OLD_COLLATION_CONNECTION */;
